{
  "model": "grok-4.5",
  "split": "public_test",
  "bm_score": 0.7630720315086718,
  "track_means": {
    "T1": 0.8377142857142857,
    "T2": 0.18378872897192994,
    "T3": 0.95,
    "T4": 0.9,
    "T5": 1.0
  },
  "penalty_mean": 0.0,
  "n_tasks": 25,
  "as_of": "2026-07-09"
}
