{
  "model": "grok-4.5",
  "split": "public_test",
  "bm_score": 0.6809809523809524,
  "track_means": {
    "T1": 0.8377142857142857,
    "T2": 0.013333333333333332,
    "T3": 0.95,
    "T4": 0.9,
    "T5": 0.6799999999999999
  },
  "penalty_mean": 0.0,
  "n_tasks": 25,
  "as_of": "2026-07-09",
  "out": "results/grok-4.5_smoke.json"
}
