{
  "model": "grok-4.5",
  "split": "public_test",
  "bm_score": 0.7725523266108366,
  "track_means": {
    "T1": 0.8564714285714287,
    "T2": 0.20305449019703964,
    "T3": 0.95,
    "T4": 0.9,
    "T5": 1.0
  },
  "penalty_mean": 0.0,
  "n_tasks": 100,
  "as_of": "2026-07-09"
}
