{
  "model": "heuristic",
  "split": "public_test",
  "bm_score": 0.5706983932178933,
  "track_means": {
    "T1": 0.7374385714285714,
    "T2": 0.12394660894660896,
    "T3": 0.2,
    "T4": 0.9,
    "T5": 1.0
  },
  "penalty_mean": 0.003225,
  "n_tasks": 100,
  "as_of": "2026-07-09",
  "out": "results/heuristic_public_test.json"
}
